Cluster,Lng,Lat
0,122.50023104285712,10.692457742857144
1,122.5001259,10.682612415000001
2,122.51205186666668,10.680018426666665
3,122.5022049,10.69262981
4,122.50226083333332,10.692440033333334
5,122.50111390000001,10.693007945
6,122.49996436666667,10.6805137
7,122.50038907999999,10.684087371999999
8,122.51321409999998,10.68646717
9,122.5040131,10.692172050000002
10,122.50429535,10.692150595000001
11,122.5052452,10.691931725
12,122.50229640000002,10.69245815
13,122.5022964,10.69246006
14,122.5008469,10.6931076
15,122.50949859999999,10.679903666666666
16,122.50152493750001,10.68017888
17,122.50550538,10.68651943
18,122.51016564285715,10.685894558571428
19,122.51740416,10.680359076
20,122.51498158333334,10.680113633333335
21,122.50657654,10.69164009
22,122.5007848625,10.6931805575
23,122.49994354,10.69307022
24,122.4997368,10.680730817499999
25,122.49968124444445,10.680680273333333
26,122.5110703,10.6859951
27,122.5115153,10.68612544
28,122.51721,10.6825079925
29,122.50580343333333,10.691782316666666
30,122.5022888,10.69262695
31,122.50232507499999,10.6926360125
32,122.502594,10.69254684
33,122.500040075,10.6932022575
34,122.49968478947368,10.693244283157894
35,122.50702666666666,10.679778736666668
36,122.50599017142858,10.679720197142856
37,122.4997654,10.6809990425
38,122.49978464444445,10.681045213333334
39,122.5025635,10.69252491
40,122.5025711,10.692504885
41,122.50248719999999,10.69253159
42,122.50252276666667,10.692535716666667
43,122.5023956,10.692625049999998
44,122.50071719999998,10.69312954
45,122.5000534,10.693267344999999
46,122.49960330000002,10.69270897
47,122.5084839,10.67986012
48,122.50860211666667,10.679818791666667
49,122.50264996666668,10.680025416666666
50,122.5027847,10.680022715
51,122.50447079999999,10.67976189
52,122.50189317142858,10.686478884285714
53,122.50405119999999,10.686468126666668
54,122.51698955714286,10.684419495714286
55,122.5574163,10.693558056666667
56,122.50596113333334,10.691794709999998
57,122.506218,10.69171524
58,122.50067596000001,10.6931982
59,122.500061,10.69331932
60,122.5029831,10.679963109999997
61,122.50299839999998,10.679980593333333
62,122.50418346666667,10.679798443333334
63,122.50431825,10.6797924025
64,122.50323485,10.687190054999999
65,122.50294650000001,10.68726425
66,122.5192413,10.6872921
67,122.51936952000001,10.687370300000001
68,122.50606535,10.6917846225
69,122.5062943,10.69167709
70,122.5062714,10.691652613333332
71,122.50244393333332,10.69256083
72,122.50242154,10.692598344
73,122.5025024,10.69258499
74,122.5007324,10.69317341
75,122.5000687,10.693314550000002
76,122.5000687,10.69331932
77,122.5031738,10.679937365
78,122.50333078571428,10.679941174285714
79,122.5034866,10.67991352
80,122.5583115,10.693412779999997
81,122.55868910000001,10.693301680000001
82,122.53041076666666,10.689866700000001
83,122.55524225714285,10.694459507142856
84,122.5060628,10.691718736666665
85,122.5061188,10.691735267999999
86,122.5024872,10.692633629999998
87,122.5006638,10.6931591
88,122.49976350000001,10.69275475
89,122.5034332,10.67987156
90,122.5034663,10.67988078
91,122.50464630000002,10.67977047
92,122.50454963333334,10.679734233333335
93,122.50471576,10.679756354
94,122.516819,10.68599391
95,122.5577774,10.69347286
96,122.5580139,10.693467140000001
97,122.55902859999999,10.69343472
98,122.55914415714285,10.693379129999999
99,122.52324933333334,10.687926451666668
100,122.5298386,10.68960857
101,122.56796263333332,10.691949843333333
102,122.5007019,10.69315147
103,122.49974820000001,10.69299793
104,122.49975590000001,10.692999523333333
105,122.4997635,10.69274235
106,122.5046539,10.67974377
107,122.504631,10.67973804
108,122.5045929,10.6798048
109,122.50473789999998,10.67977047
110,122.5047302,10.67978287
111,122.5047981,10.679725794736843
112,122.5047531,10.679819105
113,122.51605070000001,10.686930084
114,122.51737538571429,10.687107494285714
115,122.51610185000001,10.689092155
116,122.52176475,10.6875932225
117,122.52170891428571,10.687641551428571
118,122.525823625,10.6891677375
119,122.5295486,10.68952656
120,122.52956896666667,10.689534189999998
121,122.5689659,10.691423415
122,122.5024796,10.69256401
123,122.499649,10.69316864
124,122.4996948,10.69313526
125,122.4997635,10.69273758
126,122.4997635,10.69273949
127,122.5047607,10.67973995
128,122.50476455,10.67980194
129,122.5007324,10.68657303
130,122.50070342,10.686543462
131,122.51670455,10.686455725
132,122.5110016,10.69047451
133,122.510994,10.69045162
134,122.51481411428571,10.689532825714284
135,122.52144926000001,10.687631035999999
136,122.52153014999999,10.68764162
137,122.52157846666667,10.68758869
138,122.5216217,10.687599185
139,122.5245266,10.6882262275
140,122.55480189999999,10.69678783
141,122.5547065375,10.697528245
142,122.5024643,10.69258499
143,122.5024796,10.692605336666666
144,122.49965669999999,10.69313908
145,122.4996567,10.69313431
146,122.4996109,10.69289684
147,122.50459289999999,10.67976665
148,122.5045929,10.67978001
149,122.5047684,10.67975044
150,122.504776,10.67975998
151,122.5047684,10.67978954
152,122.5047684,10.67979336
153,122.51683296666666,10.68653647
154,122.51643370000001,10.68696308
155,122.5166779,10.68684483
156,122.51060107500001,10.69056463
157,122.51050313333333,10.69058768
158,122.52513126666668,10.688334146666667
159,122.52553556363637,10.688364897272727
160,122.5245743,10.689045909999999
161,122.52137375000001,10.68893671
162,122.53253936666665,10.690856616666666
163,122.5616531,10.69419575
164,122.5647049,10.69646358
165,122.5678234,10.693324327500001
166,122.56780243333333,10.694443543333334
167,122.5548248,10.6968174
168,122.5548248,10.696812630000002
169,122.5007095,10.69316959
170,122.50070037999998,10.693166734
171,122.4996109,10.69286633
172,122.4997406,10.69291496
173,122.4997559,10.692906619999999
174,122.5168152,10.68657398
175,122.51692959999998,10.68710327
176,122.51673124999999,10.686932565
177,122.5166092,10.688909529999998
178,122.51659395,10.68894911
179,122.51662449999999,10.688828469999999
180,122.5130615,10.689860340000001
181,122.51300050000002,10.68989468
182,122.514473,10.68960381
183,122.5144577,10.68959522
184,122.5250397,10.68898392
185,122.5250397,10.688982959999999
186,122.524231,10.68909359
187,122.523956275,10.6890316
188,122.52684564285714,10.688749722857143
189,122.52652969,10.688632872000001
190,122.5227423888889,10.689022275555555
191,122.520813,10.68901443
192,122.52090000000001,10.68892555
193,122.5706299,10.692019276
194,122.57057186666667,10.69208336
195,122.569252,10.691946030000002
196,122.53351928888888,10.691257476666667
197,122.53699239999999,10.693437893333332
198,122.53643034999999,10.693023205
199,122.53959785833335,10.695165630833335
200,122.56479386666668,10.69551722
201,122.5547626857143,10.697126384285713
202,122.5547791,10.69701481
203,122.5549088,10.69635963
204,122.554924,10.69644547
205,122.55484922000001,10.696173858
206,122.55487313333333,10.69596799
207,122.5006943,10.69317913
208,122.5007019,10.69318008
209,122.499649,10.69307041
210,122.4996414,10.69307041
211,122.49971009999999,10.69309521
212,122.4997101,10.69269466
213,122.51649479999999,10.68698502
214,122.5170212,10.687043190000002
215,122.51707766,10.687061503999999
216,122.5145493,10.68962097
217,122.51454159999999,10.689624790000002
218,122.52813463333332,10.688999496666668
219,122.52821044,10.688950346
220,122.5226517,10.688981059999998
221,122.51970669999999,10.68889427
222,122.5196381,10.68884945
223,122.5197754,10.688846590000002
224,122.5198059,10.688880919999999
225,122.5183487,10.68883324
226,122.5690078625,10.6918408875
227,122.5346405,10.691774366
228,122.53726449999999,10.69365406
229,122.54008893846154,10.695413369230769
230,122.53879764285715,10.694619587142856
231,122.5613937,10.69408321
232,122.5615196,10.69418192
233,122.5648727,10.69916916
234,122.4996948,10.69301319
235,122.4996262,10.69283509
236,122.499733,10.692773344999999
237,122.5167999,10.6866188
238,122.5169754,10.68713474
239,122.5167465,10.687078480000002
240,122.5165253,10.68885326
241,122.516552,10.688845635
242,122.5162354,10.68894386
243,122.5162449,10.68897271
244,122.5161591,10.68895245
245,122.5161896,10.688964845000001
246,122.5226517,10.68891716
247,122.5226517,10.688919070000003
248,122.57104493333333,10.691983223333333
249,122.5709457,10.692000389999999
250,122.56851193333334,10.69194539
251,122.5696793,10.6919651
252,122.53750866666667,10.693746249999998
253,122.53561653333333,10.692495663333332
254,122.5398407,10.69538307
255,122.53989025,10.6953578
256,122.5475922,10.6988892525
257,122.54821394999999,10.69820261
258,122.5615768,10.69415188
259,122.56466670000002,10.69464874
260,122.5506007,10.6992569
261,122.4997101,10.69300556
262,122.4997101,10.69300461
263,122.4996948,10.6930027
264,122.4996948,10.69300365
265,122.49966506000001,10.693032165000002
266,122.4996109,10.69283199
267,122.4996185,10.6928241225
268,122.49961089999998,10.69284534
269,122.4996109,10.69284916
270,122.4997253,10.6927745325
271,122.4997355,10.692811966666667
272,122.51679989999998,10.686631839999999
273,122.51651506666667,10.68703111
274,122.5170059,10.68700886
275,122.5170059,10.6870079
276,122.51659390000002,10.688837049999998
277,122.51657870000001,10.68883133
278,122.51617126000001,10.689012146
279,122.52812446666667,10.688920340000001
280,122.52808126666667,10.688933373333333
281,122.5182343,10.68896961
282,122.51829149999999,10.688895701666667
283,122.51828766666667,10.688940046666668
284,122.53439329999999,10.691668190000001
285,122.53427886666667,10.691651663333333
286,122.5373993,10.693754195
287,122.53545803333333,10.692399981111112
288,122.5385895,10.69446278
289,122.5385437,10.69451809
290,122.5475922,10.6989584
291,122.54758450000001,10.69896317
292,122.546722425,10.697295425
293,122.56144409999999,10.694169234
294,122.5615921,10.694229130000002
295,122.5632248,10.69377232
296,122.56664276666667,10.693404200000002
297,122.5663961,10.696092606666667
298,122.56635504285714,10.695198741428571
299,122.57250824,10.691822814
300,122.5649058,10.699791593333336
301,122.5167999,10.68664169
302,122.5167999,10.6866436
303,122.5164719,10.687001226666666
304,122.51649095,10.68701601
305,122.516983,10.68710963
306,122.5169907,10.68710995
307,122.51680950000001,10.6869378075
308,122.5161896,10.68902588
309,122.51619720000001,10.68902969
310,122.5281296,10.68888664
311,122.52802279999999,10.688928600000002
312,122.5280457,10.68894196
313,122.5182247,10.6889245525
314,122.568790475,10.692023755
315,122.5341461,10.691549874
316,122.5341396,10.691628455
317,122.53736495000001,10.693670275
318,122.53849410000001,10.694437505
319,122.5385513,10.694406985
320,122.5471802,10.69889545
321,122.54725775000001,10.698880833333334
322,122.5471878,10.69880772
323,122.5471344,10.69883919
324,122.54757186666666,10.697821936666665
325,122.5473633,10.69765663
326,122.5456848,10.69667816
327,122.54478963333332,10.698051453333335
328,122.56145480000002,10.6941452
329,122.5615692,10.694211009999998
330,122.5615692,10.69419575
331,122.5646362,10.69447803
332,122.5632172,10.694328309999998
333,122.5632172,10.69433022
334,122.56290943333333,10.694613456666666
335,122.5663986,10.69359684
336,122.57177584000002,10.69196148
337,122.499733,10.6930685
338,122.49973300000002,10.69306755
339,122.4996948,10.69303783
340,122.4997177,10.69277763
341,122.4997177,10.69277573
342,122.5168076,10.68700314
343,122.52810923333334,10.688851356666667
344,122.5688487857143,10.69199303
345,122.5688057,10.691956045000001
346,122.56989036666666,10.691954926666668
347,122.56978736666667,10.691984974999999
348,122.53868103333332,10.694459276666668
349,122.5386734,10.694527625
350,122.5409927,10.696032519999997
351,122.54100039999999,10.69603062
352,122.5614471,10.6941433
353,122.5614471,10.69414425
354,122.56385041428572,10.693176
355,122.5662969,10.693293253333332
356,122.5663147,10.692980290000001
357,122.56634266666667,10.695550286666666
358,122.5664139,10.69482136
359,122.5723063,10.691837626666667
360,122.5722656,10.6918335
361,122.5648982,10.697542506666666
362,122.56538139999999,10.69775931
363,122.56636556666666,10.69879055
364,122.56781263333333,10.697524703333334
365,122.5675937,10.696019852857143
366,122.57082876666668,10.694357873333333
367,122.568614925,10.6963353175
368,122.4996719,10.69305038
369,122.4996872,10.69304371
370,122.4997177,10.692780489999999
371,122.4997177,10.69277954
372,122.4997177,10.692781766666668
373,122.4996796,10.692743299999998
374,122.499733,10.69285679
375,122.4997253,10.69284439
376,122.4996414,10.69286633
377,122.5167732,10.68701601
378,122.52811430000001,10.688872339999998
379,122.5182037,10.688888866666666
380,122.51818336666666,10.68887488
381,122.5699539,10.69202137
382,122.5701675,10.69207382
383,122.570137,10.69207859
384,122.5698013,10.69208145
385,122.5697632,10.69206047
386,122.53743486666667,10.693709376666666
387,122.5374451,10.69369507
388,122.5355377,10.69240475
389,122.5355453,10.69239712
390,122.5491511,10.699169796666666
391,122.54905699999999,10.69919968
392,122.54544070000001,10.696603143333334
393,122.54399566,10.696451948
394,122.5624084,10.69445992
395,122.5625534,10.69445801
396,122.56354519999998,10.69319534
397,122.5642242,10.693242070000002
398,122.5642853,10.69330502
399,122.56638079999999,10.695863086666668
400,122.57188795,10.6918976275
401,122.5718155,10.69187546
402,122.5660829625,10.69778537875
403,122.5677338,10.6962986
404,122.56901549999999,10.69827854625
405,122.55453875,10.698760985
406,122.4996719,10.69306087
407,122.4996796,10.69307709
408,122.4996872,10.693077089999997
409,122.4996796,10.693105699999998
410,122.4996948,10.69304758857143
411,122.4997177,10.692784309999999
412,122.4997177,10.69278336
413,122.4996719,10.692766190000002
414,122.4996719,10.69276333
415,122.5167542,10.68700409
416,122.5167618,10.68700504
417,122.5280991,10.68887138
418,122.5280991,10.6888752
419,122.54939118,10.699236299999999
420,122.5455399,10.69664669
421,122.54551315,10.696619510000001
422,122.5437317,10.69689846
423,122.5436592,10.697415985
424,122.564827,10.69442654
425,122.56320950000001,10.69349289
426,122.56640847142856,10.695547104285714
427,122.5662613,10.694656369999999
428,122.56641041818183,10.697665822727272
429,122.5676575,10.69773006
430,122.5678075,10.696503316666666
431,122.57150013333334,10.693645473333333
432,122.5689774,10.69957352
433,122.5544357,10.69919014
434,122.55445252,10.699061014
435,122.564888,10.700374599999998
436,122.4996719,10.69306278
437,122.4996872,10.69309998
438,122.4997025,10.693050386666668
439,122.4996853,10.692713735000002
440,122.57028706666667,10.692005156666667
441,122.5451813,10.69646168
442,122.5453148,10.69659042
443,122.5648117,10.69439507
444,122.5632629,10.693356833333334
445,122.5647202,10.6936655
446,122.5647964,10.693655010000002
447,122.5647507,10.69375324
448,122.564743,10.69374466
449,122.5664749,10.69456959
450,122.56633,10.69821644
451,122.5675125,10.69781685
452,122.56758116666667,10.697822886666666
453,122.56776050714286,10.697073663571429
454,122.57124915384614,10.693806577692309
455,122.57318115000001,10.69244194
456,122.57348255,10.692182540000001
457,122.568985,10.69849205
458,122.5690384,10.700337093333333
459,122.568985,10.70074177
460,122.56909637999999,10.700701519999999
461,122.5550181,10.69973278
462,122.554184,10.69969463
463,122.4996719,10.69306374
464,122.4996719,10.69306469
465,122.4997101,10.693040725
466,122.4996872,10.69270229
467,122.4996872,10.69270325
468,122.49964140000002,10.69278717
469,122.4996796,10.69283104
470,122.5699921,10.6920681
471,122.56998902000001,10.692078972
472,122.57008360000002,10.69200706
473,122.57006840000001,10.691992763333333
474,122.5451508,10.69643784
475,122.5451431,10.69643497
476,122.5452614,10.69641781
477,122.545246125,10.696471692500001
478,122.54537198571428,10.696497505714287
479,122.5452957,10.69651699
480,122.5437927,10.69678402
481,122.54209681428571,10.696672441428571
482,122.5432434,10.69726515
483,122.5442123,10.69774342
484,122.54425045999999,10.697793386
485,122.5647964,10.69438362
486,122.56478880000002,10.69437313
487,122.56478120000001,10.69466972
488,122.5647812,10.69464636
489,122.56476132,10.694432262
490,122.5633163,10.693196300000002
491,122.56639317142857,10.695651732857142
492,122.56638085000002,10.695743720000001
493,122.5662918,10.694568630000001
494,122.56638772857143,10.698072161428572
495,122.56640626666668,10.697953223333334
496,122.5717545,10.69344807
497,122.5717468,10.69343662
498,122.57331085,10.69231796
499,122.57216645999999,10.693206028
500,122.56912994999999,10.69858408
501,122.5690651,10.700082618333333
502,122.5690536,10.699866295
503,122.55444338,10.699786952
504,122.55218504444444,10.699538552222222
505,122.5513458,10.69939041
506,122.56444298333334,10.701006728333333
507,122.55553436666666,10.699995676666665
508,122.56011963333333,10.700316746666667
509,122.4996796,10.693097110000002
510,122.4996796,10.69309425
511,122.4997177,10.69303894
512,122.4997177,10.69303703
513,122.499649,10.69283581
514,122.499649,10.69283676
515,122.4996948,10.6928091
516,122.4996643,10.69284725
517,122.4996719,10.692852019999998
518,122.5702209,10.691955886666667
519,122.549263,10.69921017
520,122.5492859,10.699220274000002
521,122.5429134,10.697125437499999
522,122.5431213,10.697175030000002
523,122.5431213,10.69724369
524,122.54385528,10.697636608
525,122.5439186,10.697601795
526,122.54398725,10.697657585
527,122.564743,10.69456673
528,122.5647583,10.694594794285715
529,122.5647812,10.69454479
530,122.56336979999999,10.693222999999998
531,122.5633545,10.693244459999999
532,122.5647354,10.6934824
533,122.56480866,10.693428614
534,122.56469345,10.69333458
535,122.5662766,10.69436646
536,122.5670217,10.6978995
537,122.56708275555555,10.697820346666667
538,122.56721499999999,10.697891239999999
539,122.56717683333333,10.697909673333333
540,122.5700073,10.69530582
541,122.57011795,10.695211647499999
542,122.56973776666666,10.695706683333333
543,122.5717621,10.69338226
544,122.5731354,10.69229126
545,122.57316843333335,10.692303336666667
546,122.57300262000001,10.692585566
547,122.57233683333334,10.692753793333333
548,122.5736694,10.692048549999999
549,122.56900533333334,10.698681513333334
550,122.56912483333333,10.701130229999999
551,122.569040325,10.7010698325
552,122.5689926,10.701134298
553,122.56888795714285,10.701491898571428
554,122.5689697,10.697320940000001
555,122.56931300000001,10.69629288
556,122.56933285999999,10.696299934
557,122.5693741,10.69628525
558,122.5693741,10.69628048
559,122.56925959999998,10.69651508
560,122.5693207,10.69652367
561,122.56921389999998,10.69644356
562,122.56926220000001,10.696393013333333
563,122.56536638,10.701079752999998
564,122.558404925,10.7002212975
565,122.55888365,10.700268744999999
566,122.56391525000001,10.700905800000001
567,122.499649,10.69280148
568,122.4997025,10.69283009
569,122.5702133,10.69195938
570,122.57021330000002,10.69196033
571,122.54241436666666,10.6968387
572,122.54407044,10.697741508
573,122.54404905999999,10.697708129999999
574,122.5645447,10.69329739
575,122.5645828,10.69329834
576,122.5673447,10.697865678
577,122.56730905,10.697842596666666
578,122.5710754,10.693790120000001
579,122.5717697,10.693399746666666
580,122.5717621,10.69340038
581,122.572322875,10.6931550475
582,122.57283785,10.692706585
583,122.5737534,10.691880704999999
584,122.5737038,10.691839695
585,122.56911466666666,10.699020066666668
586,122.56909069999999,10.697421892857141
587,122.56918416666667,10.697079446666667
588,122.56909465,10.697189569999999
589,122.55470280000002,10.69970131
590,122.552223225,10.699424745
591,122.55215196666666,10.699445406666667
592,122.5518074,10.699433800000001
593,122.56479133333335,10.701013246666667
594,122.5648651,10.70092964
595,122.5671234,10.70132446
596,122.5668488,10.7012701
597,122.5595856,10.70032787
598,122.56337737999999,10.700744628
599,122.49961952666666,10.692799889333333
600,122.49964140000002,10.69282722
601,122.4996643,10.692806240000001
602,122.4996872,10.69282532
603,122.4996948,10.69283581
604,122.49970249999998,10.69285297
605,122.4997101,10.69285011
606,122.54390969999999,10.696586609999999
607,122.5425262,10.69698715
608,122.5647812,10.69446754
609,122.5663147,10.694410319999998
610,122.56633,10.694377583333333
611,122.56783803333333,10.696864443333334
612,122.56784680909091,10.696795984545455
613,122.5699387,10.69552708
614,122.57245126666668,10.693025586666666
615,122.57235934285714,10.693065507142858
616,122.5690613,10.701334949999998
617,122.5690536,10.70133066
618,122.56903836000001,10.70118427
619,122.5686493,10.70140362
620,122.5690435,10.697619436666669
621,122.56903231999999,10.697541334
622,122.5546341,10.699744856666667
623,122.55205283333333,10.699442863333333
624,122.5517171,10.699403763333335
625,122.5516796,10.69936848
626,122.5538406,10.69954459
627,122.5524368,10.69950199
628,122.55248769999999,10.699447313333332
629,122.5526047,10.69943333
630,122.5526047,10.699430470000001
631,122.5526657,10.69963551
632,122.566391,10.70091963
633,122.56676634,10.701275636
634,122.55744169999998,10.700101850000001
635,122.5573807,10.70007896
636,122.5579376,10.70014477
637,122.55579251666667,10.69993957
638,122.55591964999999,10.699968815
639,122.49964140000002,10.692798610000002
640,122.49963380000001,10.692796868333332
641,122.49966810000001,10.692814825
642,122.4996872,10.69284248
643,122.4997025,10.69287014
644,122.4996948,10.69287205
645,122.5439224,10.69663811
646,122.54279634,10.6971159
647,122.5647964,10.69451332
648,122.5647278,10.69448566
649,122.5647202,10.69449329
650,122.56474762,10.694472123999999
651,122.564743,10.694489006666666
652,122.5663071,10.69471169
653,122.56777407142856,10.696895874285714
654,122.56774600000001,10.696844292
655,122.5678482,10.69672966
656,122.571106,10.69387341
657,122.5711136,10.69387277
658,122.57105259999999,10.69381618
659,122.5686493,10.70141506
660,122.56864930000002,10.70141697
661,122.55456543999999,10.69974785
662,122.5520554,10.69939423
663,122.5520935,10.699361009999999
664,122.55158807500001,10.69949293
665,122.5532074,10.69968319
666,122.55320892,10.69958878
667,122.55311858181818,10.699542304545453
668,122.55304566,10.699463082
669,122.55381770000001,10.69980717
670,122.5525742,10.69958115
671,122.5525742,10.69959259
672,122.5528488,10.69950294
673,122.56602733333335,10.701221784444446
674,122.56733704000001,10.701407432
675,122.56723026666667,10.701417286666668
676,122.55778376666667,10.700064339999999
677,122.5558167,10.69995117
678,122.5558243,10.69995975
679,122.55973820000001,10.70031643
680,122.56364311666668,10.70088641
681,122.4996643,10.692824359999998
682,122.49965285,10.6928215
683,122.4996948,10.69282055
684,122.49969479999999,10.69282341
685,122.4997025,10.692814795714286
686,122.4996948,10.692845344999999
687,122.49970249999998,10.69284344
688,122.54254406666666,10.69686254
689,122.5647964,10.69448948
690,122.5647964,10.69449043
691,122.56635358000001,10.694463823
692,122.5678177,10.69673824
693,122.56780088000001,10.696757888
694,122.5699463,10.69544601
695,122.56994630000001,10.695451740000001
696,122.57107796666666,10.69382922
697,122.5710983,10.693847659999998
698,122.57290042,10.692658994
699,122.57291795,10.692602155
700,122.57252505,10.692826270000001
701,122.57266996666668,10.692808153333333
702,122.5736313,10.691981320000002
703,122.5735779,10.692029574
704,122.5690384,10.69891644
705,122.5690384,10.698879240000002
706,122.56896969999998,10.701189989999998
707,122.56896969999998,10.701190950000003
708,122.5687439,10.701511386
709,122.5515518,10.69940662
710,122.5516434,10.699480376666665
711,122.5516243,10.69944954
712,122.5535126,10.69969654
713,122.5667953,10.70137882
714,122.5667953,10.70137787
715,122.5668888,10.7013409125
716,122.56692756666666,10.70128536
717,122.55697477999999,10.700135612
718,122.55776723333334,10.700112343333332
719,122.55772146666668,10.70010662
720,122.55609766666667,10.699910163333334
721,122.55616,10.700056555
722,122.5597534,10.700249291999999
723,122.56109511428572,10.700561248571429
724,122.56128693333334,10.700459163333335
725,122.4996643,10.69279671
726,122.49965670000002,10.69279385
727,122.4996567,10.69279289
728,122.4997025,10.69281864
729,122.4997025,10.6928215
730,122.4996567,10.692861560000003
731,122.49964900000002,10.692851069999998
732,122.49964900000002,10.692852969999999
733,122.49966538571428,10.692865370000002
734,122.5663783,10.694699286666667
735,122.5664368,10.69462967
736,122.5724602,10.692807195
737,122.5726433,10.69284344
738,122.5726242,10.692831994999999
739,122.57362876666667,10.691930136666668
740,122.573637,10.69190931
741,122.5736237,10.691963199999998
742,122.5735474,10.692061425
743,122.5735474,10.69207239
744,122.56862640000001,10.70162773
745,122.55271406666667,10.699476563333334
746,122.5568466,10.700137615
747,122.55677796666667,10.700128236666666
748,122.55624005,10.700011255
749,122.5596771,10.700246810000001
750,122.55968784,10.70025406
751,122.5624161,10.70061366
752,122.561554,10.70048332
753,122.56160278,10.700533486000001
754,122.56184843999999,10.700505638000001
755,122.5619202,10.70046091
756,122.56136829999998,10.700352033333333
757,122.56129713333333,10.700379373333334
758,122.4996643,10.69279385
759,122.4996567,10.69278336
760,122.4996719,10.69278431
761,122.4996567,10.69285583
762,122.49965670000002,10.69285774
763,122.4996872,10.692865687777777
764,122.4996796,10.692864895
765,122.4996872,10.692852019999998
766,122.4996872,10.692856598
767,122.4996948,10.69285679
768,122.4996948,10.692861989999999
769,122.5438309,10.696730609999998
770,122.5428314,10.696981431428572
771,122.5663986,10.6943264
772,122.5664215,10.69433975
773,122.5664063,10.69442177
774,122.5663528,10.69471359
775,122.5724182,10.69280815
776,122.5724258,10.69277287
777,122.5736237,10.69196224
778,122.5736237,10.69196129
779,122.573595025,10.692005155
780,122.57357029999999,10.69200134
781,122.57353970000001,10.6920042
782,122.5735474,10.69200516
783,122.569026975,10.7012445925
784,122.5686264,10.70150948
785,122.56863400000002,10.701509476666667
786,122.5685654,10.701511467272725
787,122.5545731,10.69963646
788,122.5514984,10.69937325
789,122.55149080000001,10.699402809999999
790,122.5538788,10.69971371
791,122.5630989,10.70074153
792,122.5631256,10.70079174
793,122.56298321666667,10.700827438333334
794,122.56312559999999,10.70090485
795,122.5625458,10.70068645
796,122.56248983333334,10.700660703333334
797,122.56093157142857,10.700409347142855
798,122.56094866666668,10.70053514
799,122.4996643,10.69279575
800,122.4996643,10.6927948
801,122.4996719,10.69278717
802,122.5437851,10.69673252
803,122.54377749999999,10.6967268
804,122.54387406666667,10.696705496666667
805,122.5425987,10.696946938333333
806,122.5664215,10.69437695
807,122.5664139,10.69439793
808,122.56636050000002,10.694736480000001
809,122.56637826666667,10.69472694
810,122.5664368,10.69450188
811,122.5690384,10.70126534
812,122.5690308,10.70128155
813,122.5686874,10.70153427
814,122.5686798,10.70157146
815,122.5683899,10.70151806
816,122.5684662,10.701529619999999
817,122.5685368,10.70147419
818,122.56856347499999,10.7014667975
819,122.5685806,10.70163631
820,122.56861366666665,10.701582590000001
821,122.5545807,10.69966507
822,122.55458830000002,10.69968891
823,122.5546188,10.69968414
824,122.5546188,10.69968033
825,122.5546265,10.69968319
826,122.55343934,10.699626158
827,122.5534134,10.69958878
828,122.55335042499999,10.6996033175
829,122.5533295,10.699556986666666
830,122.5539322,10.699559209999999
831,122.55277763333333,10.699495
832,122.55276490000001,10.69948864
833,122.56633116923075,10.70118442
834,122.5560684,10.69999695
835,122.55603030000002,10.699956890000001
836,122.5633087,10.70094013
837,122.56339455,10.70094967
838,122.563446,10.700914066666668
839,122.4996643,10.69278336
840,122.4996719,10.69279194
841,122.4996719,10.69279003
842,122.56642102500001,10.694514872500001
843,122.5664368,10.6945219
844,122.56635026666667,10.694598196666668
845,122.5686569,10.70156288
846,122.56866459999999,10.701562880000003
847,122.56841279999999,10.70152855
848,122.5684891,10.70149803
849,122.5685959,10.70159054
850,122.5546265,10.69968128
851,122.5546265,10.69968033
852,122.56640623333334,10.70108795
853,122.56316758333332,10.700928053333334
854,122.56222533333334,10.700689633333333
855,122.4996643,10.69278526
856,122.4996643,10.69278431
857,122.5438461,10.696702
858,122.56636050000002,10.694511409999999
859,122.5663834,10.69452286
860,122.5664063,10.69459152
861,122.5686722,10.70153618
862,122.5686722,10.70153713
863,122.56843569999998,10.70152473
864,122.5685806,10.70161438
865,122.568573,10.70161247
866,122.5685654,10.70159817
867,122.5685883,10.70157528
868,122.55370027000001,10.699544237
869,122.56636050000002,10.70111656
870,122.56637765,10.701119182500001
871,122.5562973,10.70006752
872,122.5562897,10.700063386666669
873,122.56300610000001,10.70076847
874,122.5629807,10.70072174
875,122.5632782,10.700929963333332
876,122.5620766,10.70062876
877,122.5438385,10.69665146
878,122.5438232,10.69664097
879,122.5426254,10.696989693333334
880,122.5426464,10.6970107575
881,122.5663986,10.69455147
882,122.566391,10.69465351
883,122.56638677777778,10.694632741111112
884,122.5663452,10.694635660000001
885,122.568428,10.70151806
886,122.568428,10.70152473
887,122.5684586,10.70150471
888,122.568573,10.70160294
889,122.568573,10.70160007
890,122.5685806,10.70156193
891,122.5685806,10.7015686
892,122.5537949,10.69960403
893,122.5632655,10.700894670000002
894,122.562147125,10.700595377500001
895,122.5621092,10.70055453
896,122.5438614,10.69665623
897,122.5438004,10.69670105
898,122.5663834,10.69456959
899,122.5663757,10.69456673
900,122.5663605,10.69462967
901,122.5663605,10.69463539
902,122.5536346,10.69953632
903,122.5536194,10.69955349
904,122.5536499,10.699588460000001
905,122.5537567,10.69962311
906,122.55396655,10.69967556
907,122.5438156,10.69669819
908,122.54381559999999,10.69671154
909,122.56846620000002,10.70149136
910,122.5684662,10.7014904
911,122.5536143,10.69962988888889
912,122.55371859999998,10.69960213
913,122.55371096666666,10.69963328
914,122.55384672,10.699632452
915,122.5539703,10.699711799999998
916,122.5426788,10.69694328
917,122.5426865,10.69695007875
918,122.55356853333335,10.699601493333333
919,122.55353165,10.69961238
920,122.55397799999999,10.69970894
921,122.553978,10.69970798
922,122.56321206666667,10.700880686666666
923,122.56322986666667,10.700886093333333
924,122.5631866,10.700886729999999
925,122.5631943,10.70087719
926,122.5438309,10.69669056
927,122.54382831666668,10.696682615
928,122.55390930000002,10.69965839
929,122.54271006363636,10.696989149090909
930,122.55387879999999,10.69961929
931,122.5538788,10.69961834
932,122.5539246,10.69963455
933,122.5539522,10.69961798125
934,122.54275509999998,10.6969986
935,122.542717,10.697048506666667
936,122.5427246,10.6970462775
937,122.54275129999999,10.697033404999999
938,122.54273989999999,10.69700813
939,122.5427399,10.697020295
